,link,title
0,http://www.reuters.com//article/markets-usa-stocks-idUSL1N0MT16520140401?type=companyNews,S STOCKS-Wall St climbs to record after manufacturing data
1,http://www.reuters.com//article/ford-motor-airbag-injury-idUSL2N0T702P20141117?type=companyNews,Ford says investigating air bag injury in Mustang
2,http://www.reuters.com//article/ford-motor-venezuela-idUSL1N0MT1EB20140401?type=companyNews,Ford expects $350 mln charge tied to Venezuela currency changes
3,http://www.reuters.com//article/us-ford-motor-headlights-idUSKBN0MX0QV20150406?type=companyNews,.S. safety officials review petition to reopen probe of Ford headlights
4,http://www.reuters.com//article/us-autos-uaw-study-idUSKCN0T92QV20151120?type=companyNews,"GM, Ford, Fiat Chrysler labor costs rise in new pacts: study"
5,http://www.reuters.com//article/us-ford-motor-gm-probe-idUSKCN0J91P820141125?type=companyNews,"U.S. regulators close probes into about 600,000 Ford, GM vehicles"
6,http://www.reuters.com//article/us-autoshow-detroit-ford-idUSBREA0C0YE20140113?type=companyNews,New F-150 may spur more aluminum use across Ford lineup
7,http://www.reuters.com//article/ford-motor-compensation-idUSL2N0WT05F20150327?type=companyNews,Ford CEO Fields received $18.6 million 2014 compensation
8,http://www.reuters.com//article/us-toyota-uber-tech-deals-idUSKCN0YF2MD?type=companyNews,"oyota, Uber latest to join forces in ride-hailing rush"
9,http://www.reuters.com//article/us-usa-economy-idUSKBN0JT1PQ20141215?type=companyNews,U.S. factory production accelerates in sign of economy's strength
10,http://www.reuters.com//article/idUSL8N12R2G020151027?type=companyNews,BRIEF-Ford Q3 net income $1.91 bln
11,http://www.reuters.com//article/ford-mobility-idUSL1N16J0MM?type=companyNews,Ford sets up new mobility services unit
12,http://www.reuters.com//article/us-ford-autonomous-google-idUSKBN0U50BF20151222?type=companyNews,Ford in talks with Google to build self-driving cars: Automotive News
13,http://www.reuters.com//article/china-auto-sales-idUSL4N0PK1L20140709?type=companyNews,China vehicle sales increased 5.2 pct in June
14,http://www.reuters.com//article/ford-motor-autosales-china-idUSL4N19S3X2?type=companyNews,Ford's Lincoln quarterly sales more than double in China
15,http://www.reuters.com//article/us-britain-eu-ford-idUSKCN0YV1QL?type=companyNews,Ford warns of Brexit risks to its business
16,http://www.reuters.com//article/microsoft-brief-idUSWEN00BZV20140107?type=companyNews,CORRECTED-BRIEF-Microsoft down 1.8 pct in extended trade after report Ford CEO will stay at automaker
17,http://www.reuters.com//article/autos-uaw-idUSL1N12M1WE20151022?type=companyNews,"With Fiat Chrysler pact approved, UAW now eyes GM and Ford"
18,http://www.reuters.com//article/us-autos-ford-mulally-idUSBREA400GY20140501?type=companyNews,Mulally to hand over Ford CEO job earlier than expected
19,http://www.reuters.com//article/ford-motor-results-idUSL2N0SJ0K820141024?type=companyNews,3-Ford's lower profit beats estimates; sales down on F-150 launch
20,http://www.reuters.com//article/fordeurope-vehicleregistrations-idUSL6N0N72PQ20140415?type=companyNews,"Ford Europe sales up 12 pct in March on Germany, U.K. demand"
21,http://www.reuters.com//article/ford-motor-ridesharing-idUSWNAB09E9R20151210?type=companyNews,Ford R&D chief says automaker wants to develop ride hailing services
22,http://www.reuters.com//article/usa-autos-idUSL1N0ZH0QR20150701?type=companyNews,"CORRECTED-UPDATE 1-U.S. auto sales on pace for gain over year ago, led by SUVs"
23,http://www.reuters.com//article/ford-investigation-idUSL4N0PM3SJ20140711?type=companyNews,"UPDATE 1-Ford says 500,000 vehicles under NHTSA investigation"
24,http://www.reuters.com//article/cybersecurity-autos-idUSL2N0PX2FH20140723?type=companyNews,REFILE-Hacking experts build device to protect cars from cyber attacks
25,http://www.reuters.com//article/us-russia-ford-exports-idUSKBN0TQ1ZS20151207?type=companyNews,Ford's Russia unit looks to exports to offset slump in home market
26,http://www.reuters.com//article/us-autos-ford-asia-idUSKBN0O625Y20150521?type=companyNews,Ford sales growth mainly from Asia in next decade: executive
27,http://www.reuters.com//article/tech-autos-fordces-idUSL1N14P03020160105?type=companyNews,Ford will expand self-driving test  car fleet to 30
28,http://www.reuters.com//article/ford-results-idUSL1N1080JO20150728?type=companyNews,"3-After strong quarter, Ford aims to 'disrupt like a startup'"
29,http://www.reuters.com//article/ford-motor-usplant-idUSL2N0RP27020140925?type=companyNews,"Ford to add 1,200 jobs, shift for Transit van assembly in Missouri"
30,http://www.reuters.com//article/ford-motor-f-idUSL2N0T01NH20141111?type=companyNews,luminum-intensive Ford F-150 truck on sale in December
31,http://www.reuters.com//article/autos-stocks-idUSL2N1631IH?type=companyNews,"GM, Ford, Fiat Chrysler slide on Morgan Stanley price warning"
32,http://www.reuters.com//article/ford-recall-idUSL2N0T80ZA20141118?type=companyNews,"Ford recalls 65,000 Fusion models on ignition key issues"
33,http://www.reuters.com//article/markets-stocks-usa-idUSL1N0XS1YC20150501?type=companyNews,CORRECTED-US STOCKS-Wall St ends up sharply as investors buy beaten-down shares
34,http://www.reuters.com//article/idUSL1N0XR1X520150430?type=companyNews,Ford CEO Fields not looking at consolidation moves - CNBC
35,http://www.reuters.com//article/mexico-alfa-nemak-idUSL1N0ZH04L20150701?type=companyNews,lfa unit Nemak raises $682 mln in Mexico IPO
36,http://www.reuters.com//article/ford-motor-michigan-idUSS8N0RD00720141013?type=companyNews,"BRIEF-Ford to add 850 hourly jobs at Dearborn, Michigan Assembly Plant, other facilities"
37,http://www.reuters.com//article/ford-ceo-idUSL3N0NN2SI20140501?type=companyNews,"Ford sets news conference for 9am ET, CEO to be confirmed - CNBC"
38,http://www.reuters.com//article/japan-aluminium-idUSL4N0PL26O20140711?type=companyNews,emand from U.S. automakers could boost aluminium price -Japan industry body
39,http://www.reuters.com//article/us-autos-ford-ceo-idUSBREA252EA20140306?type=companyNews,Ford CEO Mulally gets $13.8 million in stock for 2013 performance
40,http://www.reuters.com//article/us-autos-sale-canada-idUSBREA301DU20140401?type=companyNews,Canadian auto sales nudge higher in March
41,http://www.reuters.com//article/uaw-membership-idUSL2N0WX2I920150331?type=companyNews,"W union gained more than 12,000 members in 2014 -filing"
42,http://www.reuters.com//article/ford-motor-vehicleregistrations-idUSL6N0T343020141113?type=companyNews,"Ford European sales up 8.1 pct in Oct on UK, Italy gains"
43,http://www.reuters.com//article/idUSFWN19N0AP?type=companyNews,BRIEF-Ford Motor says total U.S. June sales up 6 pct
44,http://www.reuters.com//article/autos-ford-defect-idUSL1N0M10YQ20140304?type=companyNews,REFILE-U.S. NHTSA closes probe of 1.6 million Ford vehicles
45,http://www.reuters.com//article/us-autos-ford-defect-idUSBREA231F420140304?type=companyNews,U.S. NHTSA closes probe of 1.6 million Ford vehicles
46,http://www.reuters.com//article/autos-ford-motor-patents-idUSL2N0WT1CC20150327?type=companyNews,Ford Motor says U.S. jury finds it did not infringe tech patents
47,http://www.reuters.com//article/us-russia-autos-idUSBREA0J0LF20140120?type=companyNews,Russia to support domestic car industry with subsidies
48,http://www.reuters.com//article/us-auto-sales-canada-idUSBREA020OS20140103?type=companyNews,"Ford says tops Canada 2013 auto sales, others growing faster"
49,http://www.reuters.com//article/markets-usa-stocks-idUSL2N0KG0UG20140106?type=companyNews,"S STOCKS-Wall Street to rise ahead of data, Europe supports"
50,http://www.reuters.com//article/ford-motor-plant-idUSL2N17S1CE?type=companyNews,Ford will invest $1.6 billion in two U.S. factories
51,http://www.reuters.com//article/us-vehicleregistrations-europe-august-idUSKBN0HC0DC20140917?type=companyNews,Europe new car registrations rise 1.8 percent in August: ACEA
52,http://www.reuters.com//article/us-autoshow-paris-peugeot-idUSKCN0HR24M20141002?type=companyNews,"Peugeot in engine supply talks as BMW, Ford end partnerships"
53,http://www.reuters.com//article/ford-motor-headlights-idUSL2N0X30UD20150406?type=companyNews,US safety officials review petition to reopen probe of Ford headlights
54,http://www.reuters.com//article/ford-recall-idUSL4N0XS30920150501?type=companyNews,"Ford expands door latch recall to 156,000 more vehicles"
55,http://www.reuters.com//article/ford-motor-russia-sollers-idUSL5N0X729W20150410?type=companyNews,Ford takes control of Russia joint venture
56,http://www.reuters.com//article/australia-ford-jobs-idUSL3N0LB27R20140206?type=companyNews,"Ford to cut 300 jobs in Australia, spurs worries about earlier exit"
57,http://www.reuters.com//article/canada-autos-idUSL1N1211TD20151001?type=companyNews,2-Canada auto sales rise in September
58,http://www.reuters.com//article/us-usa-autos-idUSKCN0RV4QQ20151001?type=companyNews,"Cheap gas, Labor Day weekend drive automakers' U.S. sales in Sept"
59,http://www.reuters.com//article/canada-autos-sales-idUSL1N12Y21M20151103?type=companyNews,2-Canadian auto sales headed for record year - consultant
60,http://www.reuters.com//article/markets-stocks-usa-idUSZXN0RA02I20140929?type=companyNews,S STOCKS SNAPSHOT-Wall St ends lower on Hong Kong tension; Ford falls
61,http://www.reuters.com//article/ford-headquarters-idUSL2N17E1ML?type=companyNews,Ford plans to move Michigan offices into two new modern facilities
62,http://www.reuters.com//article/britain-ford-strike-idUSL5N0L11SC20140127?type=companyNews,REFILE-UK Ford workers to be balloted over strike action
63,http://www.reuters.com//article/ford-motor-fidelity-contrafund-idUSL1N10P10020150814?type=companyNews,Ford retirement plans to pull $900 mln from Fidelity Contrafund
64,http://www.reuters.com//article/ford-autonomous-google-idUSL3N14B1LY20151222?type=companyNews,Ford in talks with Google to build self-driving cars - Automotive News
65,http://www.reuters.com//article/us-science-shark-idUSBREA3F1XJ20140416?type=companyNews,"Jaws, the prequel: Scientists find the 'Model T Ford' of sharks"
66,http://www.reuters.com//article/us-usa-autos-sales-idUSKCN0PC1FG20150702?type=companyNews,"Strong truck, SUV demand helped Ford, GM raise prices in June"
67,http://www.reuters.com//article/autos-ford-kentucky-idUSL2N0L31JZ20140130?type=companyNews,Ford to boost large truck production at Kentucky plant
68,http://www.reuters.com//article/us-fordmotor-outlook-idUSKCN0HP2LI20140930?type=companyNews,"Analysis: Ford's rosy 2020 outlook hinges on new F-150, Lincoln"
69,http://www.reuters.com//article/us-ford-motor-china-sales-idUSKCN0JJ0DM20141205?type=companyNews,Ford says November China auto sales up two percent year-on-year
70,http://www.reuters.com//article/venezuela-autos-idUSL1N0Y41R920150513?type=companyNews,"Ford Venezuela to sell pickups, SUVs in dollars: union"
71,http://www.reuters.com//article/ford-venezuela-idUSL2N0NR26420140506?type=companyNews,Ford suspends vehicle assembly in Venezuela
72,http://www.reuters.com//article/canada-korea-trade-idUSL2N0M71PF20140311?type=companyNews,"Canada, South Korea conclude long-delayed free trade deal"
73,http://www.reuters.com//article/ford-china-sales-idUSL3N0S510720141010?type=companyNews,"Ford says new plants, models to boost China sales after Sept dip"
74,http://www.reuters.com//article/changan-auto-brief-idUSL3N0N32GP20140411?type=companyNews,"BRIEF-Chongqing Changan Auto sees Q1 net profit surge on strong car sales, JV with Ford"
75,http://www.reuters.com//article/acea-carsales-february-idUSL6N0MF1AE20140318?type=companyNews,REFILE-UPDATE 1-European car sales up for sixth month as economies recover
76,http://www.reuters.com//article/ford-motor-patents-idUSL3N0YJ3WT20150528?type=companyNews,2-Ford to offer access to electrified-vehicle patents for a fee
77,http://www.reuters.com//article/autoshow-detroit-ford-idUSL2N0KN10Y20140113?type=companyNews,New F-150 may spur more aluminum use across lineup -execs
78,http://www.reuters.com//article/autoshow-volvo-profitability-idUSL2N0KN2BM20140113?type=companyNews,Volvo chief says company returned to profitability in 2013
79,http://www.reuters.com//article/fiatchrysler-listing-idUSL6N0S70FZ20141013?type=companyNews,RPT-Fiat Chrysler crowns merger with Wall Street debut
80,http://www.reuters.com//article/ford-recalls-idUSL2N0WR0PF20150325?type=companyNews,"Ford recalls over 220,000 vehicles in North America for 3 issues"
81,http://www.reuters.com//article/ford-motor-china-deals-idUSL3N0WZ3WS20150402?type=companyNews,Ford China joint venture acquires factory in $1.1 bln deal
82,http://www.reuters.com//article/us-autos-ussales-august-idUSKBN0GY1DD20140903?type=companyNews,Carmakers report best U.S. August since 2003
83,http://www.reuters.com//article/idUSFWN1AI0AB?type=companyNews,BRIEF-Ford sees Q3 projected production volume of 710 units for North America
84,http://www.reuters.com//article/ford-motor-china-sales-idUSB9N0S400K20141205?type=companyNews,Ford says Nov China auto sales up 2 pct y/y
85,http://www.reuters.com//article/us-usa-economy-pmi-idUSKBN0LO1EU20150220?type=companyNews,.S. factory activity edges up in February: Markit
86,http://www.reuters.com//article/ford-motor-pickup-mileage-idUSL2N0TB20K20141121?type=companyNews,Ford aluminum F-150 truck raises fuel economy by 5 to 29 pct
87,http://www.reuters.com//article/autos-ford-plant-idUSL1N0MO2DK20140328?type=companyNews,Ford investing $500 million to make new engine at Ohio plant
88,http://www.reuters.com//article/ford-production-weather-idUSL2N0LB1W320140206?type=companyNews,Bad weather causing 'fits and starts' in auto output -Ford exec
89,http://www.reuters.com//article/us-ford-romania-idUSKCN0WO1E9?type=companyNews,Ford to invest 200 million euros to build SUV in Romania
90,http://www.reuters.com//article/ford-motor-brazil-idUSL1N11G28U20150910?type=companyNews,Ford workers strike at Brazil factory to protest job cuts
91,http://www.reuters.com//article/idUSB9N19L02R?type=companyNews,BRIEF-Ford says June China vehicle sales +3 pct y/y
92,http://www.reuters.com//article/autos-canada-idUSL1N0ST23920141103?type=companyNews,UPDATE 2-Canada sets more auto sales records in October
93,http://www.reuters.com//article/employment-disability-idUSL1N1222ME20151002?type=companyNews,Fired Ford worker may be due disability pay after 'breakdown' - 6th Circuit
94,http://www.reuters.com//article/markets-usa-stocks-idUSL1N0MT1R820140401?type=companyNews,S STOCKS-S&P 500 closes at record after manufacturing data
95,http://www.reuters.com//article/us-ford-motor-mexico-trump-idUSKCN0X22G5?type=companyNews,rump calls Ford building plant in Mexico 'an absolute disgrace'
96,http://www.reuters.com//article/ford-motor-sync-idUSL1N0TV1JG20141211?type=companyNews,Ford reboots touch-screen system with new Sync 3
97,http://www.reuters.com//article/ford-motor-china-sales-idUSL3N10I2P520150807?type=companyNews,Ford China sales growth declines for third month; July down 6 pct yr/yr
98,http://www.reuters.com//article/us-ford-motor-airbag-injury-idUSKCN0J103L20141117?type=companyNews,Ford: Mustang driver injured by air bag fragment in North Carolina crash
99,http://www.reuters.com//article/ford-ibm-apartheid-lawsuit-idUSL1N1071SP20150727?type=companyNews,".S. court rejects appeal of apartheid lawsuits against Ford, IBM"
100,http://www.reuters.com//article/us-ford-motor-pickup-mileage-idUSKCN0J521D20141121?type=companyNews,Ford aluminum F-150 truck raises fuel economy by five to 29 pct
101,http://www.reuters.com//article/thailand-press-ford-motor-idUSL3N0WM1BV20150320?type=companyNews,THAILAND PRESS-Ford stands firm on eco-car project in Thailand - Bangkok Post
102,http://www.reuters.com//article/usa-autos-idUSL2N0WY2N920150401?type=companyNews,UPDATE 5-U.S. auto sales edge higher in March
103,http://www.reuters.com//article/ford-mexico-investment-idUSL2N1780UV?type=companyNews,"UPDATE 5-Ford announces $1.6 bln investment in Mexico, derided by Trump"
104,http://www.reuters.com//article/us-ford-ceo-compensation-idUSKBN0F71HO20140702?type=companyNews,Ford's CEO Fields gets 9 percent raise in annual salary
105,http://www.reuters.com//article/autoshow-china-ford-idUSB9N0MU00L20140417?type=companyNews,REFILE-Ford's Lincoln brand to debut in China with eight stores in seven cities: exec
106,http://www.reuters.com//article/ford-autonomous-idUSL1N0Z917S20150623?type=companyNews,Ford expanding driver-assist technology throughout lineup
107,http://www.reuters.com//article/us-fordmotor-lincoln-idUSKCN0ID2FU20141024?type=companyNews,"Exclusive: Ford to overhaul Lincoln brand, this time with big bucks"
108,http://www.reuters.com//article/us-autoshow-ford-aluminum-idUSBREA0C1D920140113?type=companyNews,Revamped F-150 may spur more aluminum use across Ford lineup
109,http://www.reuters.com//article/us-global-markets-idUSKCN108029?type=companyNews,".S. stocks rebound, yen weakens on BOJ stimulus report"
110,http://www.reuters.com//article/usa-economy-idUSL1N0YO0Z620150602?type=companyNews,WRAPUP 3-U.S. factory orders weak; robust auto sales a bright spot
111,http://www.reuters.com//article/us-ford-ceo-idUSKCN0WK1KD?type=companyNews,Ford CEO's compensation jumped 17 percent to $17.4 million in 2015
112,http://www.reuters.com//article/ford-motor-production-idUSL5N0OR24620140610?type=companyNews,Ford to keep Fiesta production in Germany after cost-saving deal
113,http://www.reuters.com//article/us-toyota-results-idUSKBN0G50TA20140805?type=companyNews,"oyota first quarter profit rise beats estimates, U.S. sales outlook raised"
114,http://www.reuters.com//article/idUSFWN1BB0EU?type=companyNews,"BRIEF-Ford ceo Bernard Silverstone to retire,Joy Falotico named as successor"
115,http://www.reuters.com//article/idUSB8N12F03E?type=companyNews,BRIEF-Ford Motor reports quarterly earnings of $0.47 per share
116,http://www.reuters.com//article/ford-employment-idUSL2N0S80MP20141013?type=companyNews,Ford to add 850 jobs at Dearborn factories for new F-150 truck
117,http://www.reuters.com//article/ford-alcoa-aluminium-idUSL1N11K1JO20150914?type=companyNews,Ford F-150 to get Alcoa's Micromill aluminum parts starting Q4
118,http://www.reuters.com//article/novelis-ford-aluminum-idUSL1N1441YT20151215?type=companyNews,"UPDATE 1-Ford adds aluminum-intensive truck brand, Novelis a supplier"
119,http://www.reuters.com//article/ford-motor-pickup-mileage-idUSL2N0TB1N420141121?type=companyNews,CORRECTED-Ford aluminum F-150 truck raises fuel economy by 5 pct to 29 pct
120,http://www.reuters.com//article/autos-sales-june-idUSL2N0PC0K520140701?type=companyNews,UPDATE 5-U.S. June auto sales hit level not seen since July 2006
121,http://www.reuters.com//article/us-autos-uaw-idUSKBN0LO1IK20150220?type=companyNews,"UAW chief: Raise worker pay, keep companies competitive"
122,http://www.reuters.com//article/europe-vans-idUSL6N0NY3DA20140515?type=companyNews,"Hyundai van plan signals rougher ride for Peugeot, Renault"
123,http://www.reuters.com//article/autos-china-ford-motor-idUSB9N16202Z?type=companyNews,"Ford China to recall 191,368 vehicles over brake booster seal"
124,http://www.reuters.com//article/ford-production-idUSL1N0YN2PB20150602?type=companyNews,"Ford to make 40,000 more vehicles by cutting summer downtime"
125,http://www.reuters.com//article/philippines-mitsubishimotors-idUSL4N0V83VX20150129?type=companyNews,"Mitsubishi Philippines sees up to 6 pct rise in output, new models to wait"
126,http://www.reuters.com//article/nigeria-ford-idUSL8N13C3PZ20151117?type=companyNews,First Ford rolls off Nigerian plant
127,http://www.reuters.com//article/ford-china-sales-idUSB9N0GU01920140306?type=companyNews,Ford says Feb China auto sales up 67 pct y/y
128,http://www.reuters.com//article/us-autoshow-detroit-billford-idUSKCN0UQ00P20160112?type=companyNews,Ford Chairman: 'We are in an experimental stage'
129,http://www.reuters.com//article/autoshow-ford-mulally-idUSL2N0KO1O420140114?type=companyNews,"Ford CEO eyes long view, but still engaged in day to day"
130,http://www.reuters.com//article/google-selfdrivingcar-team-idUSL2N16B080?type=companyNews,RPT-Google's self-driving car team beefs up auto experience
131,http://www.reuters.com//article/markets-usa-stocks-idUSL2N0LH0NY20140212?type=companyNews,S STOCKS-Wall Street set for flat open after four-day run
132,http://www.reuters.com//article/usa-court-ford-motor-idUSL1N0YW2HA20150622?type=companyNews,.S. Supreme Court turns down Ford over $470 million tax dispute
133,http://www.reuters.com//article/idUSB9N12C01U20151015?type=companyNews,BRIEF-Ford says September China vehicle sales down 2 pct y/y
134,http://www.reuters.com//article/ford-motor-recalls-idUSL1N0XQ17C20150429?type=companyNews,"Ford recalls over 591,000 vehicles for steering, other problems"
135,http://www.reuters.com//article/venezuela-autos-idUSL1N0XP2HU20150429?type=companyNews,"CORRECTED-GM Venezuela cuts workforce by 13 pct, Ford output halted -union"
136,http://www.reuters.com//article/fordmotor-family-idUSL2N1890UR?type=companyNews,Ford shareholders keep Ford family voting power unchanged
137,http://www.reuters.com//article/autos-canada-idUSL2N0WY23H20150401?type=companyNews,Canadian auto sales edge higher in March
138,http://www.reuters.com//article/ford-motor-moves-raj-nair-idUSL3N13Q4SI20151201?type=companyNews,Ford's Raj Nair promoted as exec VP for product development
139,http://www.reuters.com//article/us-ford-recall-taurus-idUSKBN0E922H20140529?type=companyNews,"Ford recalls nearly 200,000 Taurus sedans in North America"
140,http://www.reuters.com//article/autos-ford-edge-idUSL2N0LI0WT20140213?type=companyNews,Ford to build upcoming global Edge near Toronto
141,http://www.reuters.com//article/idUSL5N0XQ5EZ20150429?type=companyNews,"BRIEF-Fiat Chrysler seeks to close N. American margin gap with GM, Ford by 2018 - slides"
142,http://www.reuters.com//article/products-recall-december-idUSL1N14J0DL20151230?type=companyNews,"Recall Notice: Ford headlights, Sweet Leaf Tea and bean-bag chairs"
143,http://www.reuters.com//article/ford-motor-sync-idUSL1N0TV1PY20141211?type=companyNews,UPDATE 1-Ford reboots touch-screen system with new Sync 3
144,http://www.reuters.com//article/ford-europe-cuts-idUSF9N14W01H?type=companyNews,Ford Europe cuts jobs to achieve $200 mln cost savings
145,http://www.reuters.com//article/us-usa-autos-idUSKBN0L71BN20150203?type=companyNews,"rucks, SUVs drive U.S. vehicle sales in January"
146,http://www.reuters.com//article/china-autos-ford-idUSL3N10M2YU20150811?type=companyNews,uto executive who helped build up Buick in China joins Ford
147,http://www.reuters.com//article/autos-takata-ford-motor-idUSL3N0TO15820141204?type=companyNews,Ford expands U.S. recall of Takata air bags
148,http://www.reuters.com//article/autoshow-china-ford-idUSL3N0N92J020140417?type=companyNews,2-Ford's Lincoln brand to debut in China in seven cities
149,http://www.reuters.com//article/mahindra-india-tuv300-suv-idUSKCN0RA0ZA20150910?type=companyNews,M&M launches first new SUV in three years to regain share
150,http://www.reuters.com//article/us-autos-chrysler-trucks-idUSKBN0GL29L20140821?type=companyNews,Exclusive: Chrysler's Ram pickup may stick with steel through 2020 - sources
151,http://www.reuters.com//article/alphabet-autos-autonomous-idUSL1N14B1YI20151223?type=companyNews,"Google, Ford in talks on self-driving car partnership -source"
152,http://www.reuters.com//article/us-nba-fame-idUSBREA361OB20140407?type=companyNews,Mourning headlines list of Hall of Fame's Class of 2014
153,http://www.reuters.com//article/pimco-allianz-ford-motor-idUSL2N0SG2T620141021?type=companyNews,Ford Motor says will drop Pimco Total Return Fund from its 401k plan
154,http://www.reuters.com//article/autos-canada-idUSL1N0W51PG20150303?type=companyNews,"3-Fiat Chrysler Canadian sales edge up in February, topping Ford"
155,http://www.reuters.com//article/ford-truck-idUSL1N0WF18J20150313?type=companyNews,"Ford says launch of new F-150 on track, fleet production coming"
156,http://www.reuters.com//article/us-ford-results-f-idUSKBN0L21W620150129?type=companyNews,Ford Motor CEO: F-Series pickup trucks having best January since 2004
157,http://www.reuters.com//article/ford-recall-suvs-idUSL1N0OF1O220140529?type=companyNews,Ford recalls 1.1 million SUVs on possible power steering loss
158,http://www.reuters.com//article/us-ford-results-cfo-idUSKCN0SL2U420151027?type=companyNews,"Ford could use cash to expand business, up dividends: CFO"
159,http://www.reuters.com//article/usa-autos-ford-idUSL2N1690VX?type=companyNews,Ford says Texas truck sales robust despite low oil prices
160,http://www.reuters.com//article/ford-recall-takata-idUSL3N15A4DS?type=companyNews,Ford expands recall for vehicles with Takata airbags
161,http://www.reuters.com//article/us-ford-motor-cfo-idUSKCN0HO2CV20140930?type=companyNews,Ford shares tumble on lower profit outlook for 2014-2015
162,http://www.reuters.com//article/deals-day-idUSL4N0X73OJ20150410?type=companyNews,eals of the day- Mergers and acquisitions
163,http://www.reuters.com//article/ford-china-sales-idUSL3N0R62G120140905?type=companyNews,RPT-Ford says Aug China auto sales rise 9 pct y/y
164,http://www.reuters.com//article/autos-ford-ceo-idUSL2N0KH2B320140107?type=companyNews,"Ford CEO not going to Microsoft, to stay at Ford through 2014"
165,http://www.reuters.com//article/ford-motor-china-sales-idUSB9N0RF00X20150206?type=companyNews,Ford says Jan China auto sales up 19 pct y/y
166,http://www.reuters.com//article/ford-motor-brazil-idUSL2N0N120R20140409?type=companyNews,"Ford opens Brazil engine plant, sees truck recovery"
167,http://www.reuters.com//article/us-ford-motor-results-idUSKBN0NJ16L20150428?type=companyNews,"Ford first-quarter profit misses expectations, 2015 profit outlook affirmed"
168,http://www.reuters.com//article/volvocar-results-idUSL5N0QP35520140820?type=companyNews,2-Geely's Volvo Car raises 2014 sales outlook after strong H
169,http://www.reuters.com//article/romania-ford-output-idUSL5N0QY5LQ20140828?type=companyNews,Ford to halt Romanian production in Sept-report
170,http://www.reuters.com//article/idUSB8N11Z00A?type=companyNews,BRIEF-Ford Motor Co reports Q1 net earnings per share $0.6
171,http://www.reuters.com//article/ford-motor-recall-idUSL1N0XL1YT20150424?type=companyNews,"Ford recalling Fiesta, Fusion, Lincoln MKZ on door latch issue"
172,http://www.reuters.com//article/ford-motor-overseas-idUSL2N0RU1ZA20140929?type=companyNews,"Ford sees rising pre-tax margins in Asia, Europe"
173,http://www.reuters.com//article/ford-china-sales-idUSB9N0O700620140606?type=companyNews,Ford says May China auto sales up 32 pct y/y
174,http://www.reuters.com//article/china-blast-japan-idUSL3N10P1WP20150814?type=companyNews,2-Global automakers scramble to assess damage from huge blasts at China port
175,http://www.reuters.com//article/ford-motor-results-idUSS8N0RD00M20150129?type=companyNews,BRIEF-Ford Motor Q4 revenue $35.9 billion
176,http://www.reuters.com//article/idUSFWN1740H8?type=companyNews,BRIEF-Ford Motor says CEO Mark Fields total compensation was $18.6 mln in 2015
177,http://www.reuters.com//article/autoshow-ford-hybrids-idUSL2N0KN1ER20140113?type=companyNews,Ford to double hybrid offerings by 2020 -development chief
178,http://www.reuters.com//article/us-ford-motor-fidelity-contrafund-idUSKCN0QJ1GP20150814?type=companyNews,Ford retirement plans to pull $900 million from Fidelity Contrafund
179,http://www.reuters.com//article/hyundai-motor-china-idUSL3N10F24C20150804?type=companyNews,Hyundai cuts prices on SUVs to counter China slowdown
180,http://www.reuters.com//article/fiat-chrysler-labor-idUSL1N0YV1FQ20150609?type=companyNews,2-Fiat Chrysler North American labor chief retires ahead of talks
181,http://www.reuters.com//article/autoshow-paris-idUSL6N0RX1FH20141002?type=companyNews,WRAPUP 2-Daimler cuts car market forecast as Europe wobbles
182,http://www.reuters.com//article/us-autos-uaw-ford-idUSKBN0TJ1J420151130?type=companyNews,Foreign carmakers to keep price edge as Ford faces higher labor costs
183,http://www.reuters.com//article/ford-ibm-apartheid-lawsuit-idUSL1N1071D220150727?type=companyNews,"U.S. court rejects appeal of apartheid lawsuits against Ford, IBM"
184,http://www.reuters.com//article/usa-patents-lobbying-idUSL1N0MU23E20140403?type=companyNews,"pple, Pfizer, others form ""go slow"" U.S. patent lobby group"
185,http://www.reuters.com//article/us-ford-europe-cuts-idUSKCN0VC0XX?type=companyNews,Ford cuts jobs to sustain European profits as GM lags
186,http://www.reuters.com//article/autoshow-losangeles-lincoln-idUSL1N13C2NM20151118?type=companyNews,Ford's Lincoln brand debuts new face for its best-selling model
187,http://www.reuters.com//article/volvocars-results-idUSL8N15X0IN?type=companyNews,2-Geely's Volvo upbeat on 2016 after sales and profit rise
188,http://www.reuters.com//article/ford-motor-sales-usa-idUSL2N0RW10U20141001?type=companyNews,Ford Motor sees U.S. September auto industry sales up 10 percent
189,http://www.reuters.com//article/ford-romania-idUSL5N16U2ZR?type=companyNews,Ford to invest 200 mln euros to build SUV in Romania
190,http://www.reuters.com//article/us-autos-gm-cruze-idUSKBN0P42RU20150625?type=companyNews,GM's Chevy brand puts hopes for global growth on Cruze
191,http://www.reuters.com//article/ford-motor-recall-idUSL3N1B5405?type=companyNews,"CORRECTED-Ford to recall 91,000 cars worldwide to fix fuel-pump issue"
192,http://www.reuters.com//article/autos-ford-plant-idUSL1N0MP1H320140328?type=companyNews,RPT-Ford investing $500 million to make new engine at Ohio plant
193,http://www.reuters.com//article/autoshow-ford-quality-idUSL2N0KN24A20140120?type=companyNews,Ford's 'quality' push comes at busy time for automaker
194,http://www.reuters.com//article/us-ford-motor-self-driving-idUSKBN0TZ02920151216?type=companyNews,Ford gets California approval for testing self-driving cars on roads
195,http://www.reuters.com//article/ford-motor-recall-idUSL3N1AL4GD?type=companyNews,Ford to recall some vehicles to replace side-door latches
196,http://www.reuters.com//article/ford-motor-patents-idUSL3N0YJ3W020150528?type=companyNews,Ford to allow other automakers to access its EV technologies
197,http://www.reuters.com//article/us-autos-uaw-idUSKCN0RF1GQ20150916?type=companyNews,"W, Fiat Chrysler reach tentative U.S. labor pact"
198,http://www.reuters.com//article/usa-court-ford-motor-idUSL1N0Z80QC20150622?type=companyNews,U.S. Supreme Court turns down Ford in $470 million tax dispute
199,http://www.reuters.com//article/vehicleregistrations-europe-septemeber-idUSL6N0SC1BY20141017?type=companyNews,UPDATE 1-European car sales jump 6.1 pct in September
200,http://www.reuters.com//article/autos-ford-motor-connectivity-idUSL2N0WI1M420150317?type=companyNews,Ford turns back to Microsoft to build connected-car services
201,http://www.reuters.com//article/autos-unions-uaw-idUSL2N17M1F3?type=companyNews,emp workers at small Ohio auto supplier plant join UAW -union
202,http://www.reuters.com//article/global-markets-idUSL1N1AE22I?type=companyNews,"GLOBAL MARKETS-U.S. stocks rebound, yen weakens on BOJ stimulus report"
203,http://www.reuters.com//article/markets-usa-stocks-idUSL2N0PZ1DT20140724?type=companyNews,"S STOCKS-Results, jobs data buoy Wall St, S&P eyes 2,000"
204,http://www.reuters.com//article/autos-detroit-discounts-idUSL1N0LW1HY20140227?type=companyNews,U.S. automakers extend discount wars through March
205,http://www.reuters.com//article/us-ford-mexico-investment-idUSKCN0X21VA?type=companyNews,"Ford announces $1.6 billion investment in Mexico, derided by Trump"
206,http://www.reuters.com//article/ford-motor-uaw-idUSL1N10322C20150723?type=companyNews,"Ford, UAW, formally begin labor talks; jobs to Mexico at issue"
207,http://www.reuters.com//article/usa-manufacturing-coldsnap-idUSL2N0T815E20141120?type=companyNews,"With iceman on the way, US plants and suppliers get ready"
208,http://www.reuters.com//article/autos-ford-compensation-idUSL1N0MP1HY20140328?type=companyNews,Ford CEO Mulally's compensation rose 10.7 pct in 2013
209,http://www.reuters.com//article/ford-motor-china-sales-idUSB9N0M803220140408?type=companyNews,Ford says March China auto sales up 28 pct year/year
210,http://www.reuters.com//article/us-autos-sales-march-idUSKBN0MS4L020150401?type=companyNews,.S. auto sales demand begins to thaw in March
211,http://www.reuters.com//article/autos-tech-idUSL2N18N0IY?type=companyNews,"New research shows consumers uninformed, wary of new vehicle technology"
212,http://www.reuters.com//article/idUSB9N0WD02520150407?type=companyNews,BRIEF-Ford Motor says March China vehicle sales up 1 pct y/y vs 9 pct rise in Feb
213,http://www.reuters.com//article/markets-stocks-europe-idUSL6N0RV1FJ20140930?type=companyNews,uropean shares rise as inflation data raises prospect of ECB action
214,http://www.reuters.com//article/usa-economy-idUSL1N0XS0V820150501?type=companyNews,WRAPUP 3-Anemic U.S. factory data points to moderate growth bounce
215,http://www.reuters.com//article/us-ford-uaw-idUSKCN0RT2XZ20150930?type=companyNews,Ford given five-day strike notice at key F-150 plant by U.S. union
216,http://www.reuters.com//article/autos-canada-idUSL2N0Q71M020140801?type=companyNews,"UPDATE 2-Canada auto sales hit July record; Chrysler, Ford gain on trucks"
217,http://www.reuters.com//article/markets-usa-stocks-idUSL1N0MT1GU20140401?type=companyNews,S STOCKS-S&P 500 climbs to record after manufacturing data
218,http://www.reuters.com//article/markets-global-idUSL2N0NH1NX20140425?type=companyNews,"GLOBAL MARKETS-Shares, dollar slide on Ukraine scare; gold rises"
219,http://www.reuters.com//article/china-autos-apps-idUSL4N0VR0KE20150217?type=companyNews,"Ford guns for China's app addicts, seeks WeChat tie-up"
220,http://www.reuters.com//article/us-ford-china-sales-idUSKCN0HZ02N20141010?type=companyNews,"Ford says new plants, models to boost China sales after September dip"
221,http://www.reuters.com//article/autos-uaw-ford-idUSL1N13P0RS20151130?type=companyNews,Ford says to incur $600 mln expense in 2015 from U.S. union pact
222,http://www.reuters.com//article/ford-motor-headlights-idUSL2N0X30RC20150406?type=companyNews,S safety officials review petition to reopen probe of Ford headlights
223,http://www.reuters.com//article/usa-ford-autonomous-driving-idUSL2N0KW0SJ20140122?type=companyNews,Ford teams with universities on automated driving research
224,http://www.reuters.com//article/us-autos-ford-compensation-idUSBREA2R1J820140328?type=companyNews,Ford CEO Mulally's compensation rose 10.7 percent in 2013
225,http://www.reuters.com//article/idUSB9N11103U20150907?type=companyNews,BRIEF-Ford says August China vehicle sales -3 percent y/y
226,http://www.reuters.com//article/us-usa-economy-idUSKCN0JF2JD20141201?type=companyNews,"U.S. manufacturing cools, but underlying momentum remains"
227,http://www.reuters.com//article/products-ford-ruling-idUSL2N14V0KE20160111?type=companyNews,9th Circuit won't reconsider Ford Focus warranty decision
228,http://www.reuters.com//article/ford-china-sales-idUSB9N0PP00E20140905?type=companyNews,Ford says Aug China auto sales rise 9 pct y/y
229,http://www.reuters.com//article/markets-usa-stocks-idUSL2N0PZ0QS20140724?type=companyNews,"S STOCKS-Earnings, overseas data lift futures"
230,http://www.reuters.com//article/idUSFWN1AJ0J8?type=companyNews,BRIEF-Ford Motor reports July vehicle sales
231,http://www.reuters.com//article/us-britain-ford-idUSBREA0E0KD20140115?type=companyNews,Ford says would reassess UK operations if Britain left EU: paper
232,http://www.reuters.com//article/autos-ford-mulally-idUSL2N0NN0NR20140501?type=companyNews,"Mulally to leave Ford board, says not decided on future"
233,http://www.reuters.com//article/usa-stocks-idUSL4N1AE567?type=companyNews,"S STOCKS-Wall St dragged down by weak data, Ford results"
234,http://www.reuters.com//article/autoshow-paris-fiat-spa-capital-idUSL6N0RX3OE20141002?type=companyNews,No Fiat Chrysler capital increase needed for growth plan -CEO
235,http://www.reuters.com//article/us-ford-motor-recall-idUSKBN0IO1HA20141104?type=companyNews,"Ford calls back more than 202,000 vehicles in five North American recalls"
236,http://www.reuters.com//article/europe-carsales-idUSL8N1433WY20151215?type=companyNews,.S. brands tap European auto recovery as VW left behind
237,http://www.reuters.com//article/markets-usa-stocks-idUSL2N0KG1AK20140106?type=companyNews,S STOCKS-Wall St edges down after mixed data; techs lead decline
238,http://www.reuters.com//article/us-ford-motor-china-deals-idUSKBN0MT1IB20150402?type=companyNews,Ford China joint venture acquires factory in $1.1 billion deal
239,http://www.reuters.com//article/us-ford-motor-japan-indonesia-idUSKCN0V3112?type=companyNews,"Facing weak market share, Ford to exit Japan, Indonesia this year"
240,http://www.reuters.com//article/ford-motor-mexico-idUSL2N0XE2EA20150417?type=companyNews,"Ford to spend $2.5 bln on plants in Mexico, angering UAW"
241,http://www.reuters.com//article/autos-sale-canada-idUSL1N0MT1ZC20140401?type=companyNews,RPT-UPDATE 1-Canadian auto sales nudge higher in March
242,http://www.reuters.com//article/ford-motor-india-idUSL3N10N3OT20150812?type=companyNews,Ford targets emerging markets with frugal India build
243,http://www.reuters.com//article/indonesia-press-ford-idUSL3N0N80M520140416?type=companyNews,INDONESIA PRESS-Ford Indonesia unit Q1 sales down 52 pct -Kontan
244,http://www.reuters.com//article/ford-motor-japan-indonesia-idUSL3N15931P?type=companyNews,"Ford to exit all operations in Japan, Indonesia this year"
245,http://www.reuters.com//article/press-digest-wsj-idUSL3N0M11OW20140304?type=companyNews,RESS DIGEST - Wall Street Journal - March 4
246,http://www.reuters.com//article/us-autos-uaw-idUSKCN0RD0S220150914?type=companyNews,W picks Fiat Chrysler as target company in labor talks
247,http://www.reuters.com//article/us-people-harrisonford-idUSKBN0EU21420140619?type=companyNews,Harrison Ford has surgery after breaking leg on 'Star Wars' set
248,http://www.reuters.com//article/markets-usa-stocks-idUSL1N0OK1WZ20140603?type=companyNews,"S STOCKS-Wall St ends a bit lower a day after Dow, S&P set records"
249,http://www.reuters.com//article/us-economy-construction-idUSBREA120X320140203?type=companyNews,"Factory, construction spending data hint at slowing economy"
250,http://www.reuters.com//article/autos-ussales-april-idUSL2N0NN0M220140501?type=companyNews,4-Carmakers see spring thaw as U.S. auto sales up 8 percent in April
251,http://www.reuters.com//article/us-aluminum-futures-idUSKCN0JH0VI20141204?type=companyNews,luminum futures market under stress from December supply shock
252,http://www.reuters.com//article/us-fordeurope-carsales-idUSBREA1D0OT20140214?type=companyNews,"Ford European sales up 9.2 percent in January on German, UK demand"
253,http://www.reuters.com//article/autos-canada-idUSL2N0PD1T220140702?type=companyNews,UPDATE 2-Canada auto sales hit records for June and first half
254,http://www.reuters.com//article/ford-results-f-idUSL1N0V81RJ20150129?type=companyNews,CORRECTED (OFFICIAL)-Ford Motor CEO: F-Series pickup trucks having best January since 2004
255,http://www.reuters.com//article/us-ford-ibm-apartheid-lawsuit-idUSKCN0Q11SZ20150727?type=companyNews,"Ford, IBM defeat appeal over apartheid abuses: U.S. court"
256,http://www.reuters.com//article/autos-uaw-idUSL1N1261M020151006?type=companyNews,6-UAW threatens strike at Fiat Chrysler U.S. operations
257,http://www.reuters.com//article/us-autoshow-losangeles-ford-idUSKCN0T625Y20151117?type=companyNews,"Ford seeks to expand SUV portfolio, sees market at 40 percent by 2020"
258,http://www.reuters.com//article/employment-ford-telecommute-idUSL2N0X723020150410?type=companyNews,Ford not required to let incontinent worker telecommute- 6th Circuit
259,http://www.reuters.com//article/toyota-tech-idUSL3N0YP1NO20150603?type=companyNews,Ford says Toyota studying its SDL in-car smartphone app interface
260,http://www.reuters.com//article/canada-toronto-mayor-idUSL2N0MG1YU20140319?type=companyNews,UPDATE 1-Video shows Toronto mayor inhaling from glass cylinder -police
261,http://www.reuters.com//article/ford-motor-sales-idUSL1N0R410320140903?type=companyNews,Ford sees U.S. August industry auto sales up 3 percent
262,http://www.reuters.com//article/ford-usa-idUSL1N1BD0SZ?type=companyNews,Ford Motor says U.S. auto sales to weaken further in 2017
263,http://www.reuters.com//article/ford-results-idUSL1N12R0O020151027?type=companyNews,"3-Ford Motor 3rd-quater profit misses estimate, shares drop"
264,http://www.reuters.com//article/us-usa-economy-idUSKCN0YN4Y9?type=companyNews,Rise in U.S. manufacturing activity masks underlying weakness
265,http://www.reuters.com//article/usa-stocks-idUSL1N19N1YP?type=companyNews,S STOCKS-Wall St ends higher for 4th straight day
266,http://www.reuters.com//article/ford-pensions-idUSL1N14R0SZ20160107?type=companyNews,"Ford Motor changes pension reporting, sees rise in 2015 profit"
267,http://www.reuters.com//article/toyota-china-sales-idUSL3N0ZH2HB20150701?type=companyNews,"oyota China on track to meet 2015 target, June sales grow 42 pct"
268,http://www.reuters.com//article/microsoft-ceo-idUSL2N0KI1OA20140108?type=companyNews,UPDATE 1-Microsoft succession speculation focuses on internal candidates
269,http://www.reuters.com//article/us-autos-usasales-idUSBREA120RR20140203?type=companyNews,"GM, Ford sales stall"
270,http://www.reuters.com//article/autoshow-ford-mulally-idUSL2N0KO14R20140114?type=companyNews,Ford CEO seeks to reassure he still engaged in daily operations
271,http://www.reuters.com//article/us-china-chrysler-idUSBREA050BU20140106?type=companyNews,China urges Chrysler to address Jeep Wrangler fire risk
272,http://www.reuters.com//article/markets-usa-stocks-idUSL1N0R414820140903?type=companyNews,"S STOCKS-Wall St climbs to fresh record on Ukraine hopes, data"
273,http://www.reuters.com//article/ford-results-idUSL2N17V0GK?type=companyNews,"Ford Motor sets records for profit, operating margins"
274,http://www.reuters.com//article/idUSB9N0Z400R20150708?type=companyNews,BRIEF-Ford says June China vehicle sales -3 percent y/y
275,http://www.reuters.com//article/usa-economy-idUSL2N0TM13E20141202?type=companyNews,"WRAPUP 2-Solid construction, auto sales data boost U.S. growth picture"
276,http://www.reuters.com//article/markets-stocks-usa-idUSL3N1084EG20150728?type=companyNews,S STOCKS-Wall St set to open higher ahead of Fed meeting
277,http://www.reuters.com//article/us-autos-gm-trucks-idUSKBN0FX1OG20140728?type=companyNews,Exclusive: GM moves next version of big pickups ahead by nine months - sources
278,http://www.reuters.com//article/generalmotors-goldman-idUSL3N0Z94PV20150623?type=companyNews,"Goldman Sachs says prefers Ford to GM, downgrades GM to ""neutral"""
279,http://www.reuters.com//article/ford-motor-safrica-idUSL6N0PL3FG20140710?type=companyNews,"Ford says committed to S.Africa, plays down concern over strikes"
280,http://www.reuters.com//article/us-usa-economy-markit-manufacturing-idUSKCN0HI1G120140923?type=companyNews,"Sturdy U.S. factory, services data bolster growth picture"
281,http://www.reuters.com//article/ford-motor-india-idUSL3N0RD39G20140912?type=companyNews,Ford to launch 4 new car models in India over 18-20 months -exec
282,http://www.reuters.com//article/usa-autos-idUSL1N0ZH28620150701?type=companyNews,"UPDATE 4-Strong truck, SUV demand helped Ford, GM raise prices in June"
283,http://www.reuters.com//article/idUSL5N0YO0ML20150602?type=companyNews,BRIEF-Mark Ovenden appointed head of Ford Sollers in Russia
284,http://www.reuters.com//article/volvocars-us-idUSL6N0T91N420141119?type=companyNews,Volvo Cars plots U.S. resurgence with model overhaul
285,http://www.reuters.com//article/ford-ibm-apartheid-lawsuit-idUSL1N10711820150727?type=companyNews,"Ford, IBM defeat appeal over apartheid abuses -U.S. court"
286,http://www.reuters.com//article/ford-pensions-idUSL1N14R0TY20160107?type=companyNews,"2-Ford changes pension reporting, sees rise in 2015 profit"
287,http://www.reuters.com//article/markets-precious-idUSL3N1212MU20151001?type=companyNews,RECIOUS-Palladium hits near 3-month high on strong auto sales; gold flat
288,http://www.reuters.com//article/fordmotor-brief-idUSWEN00EB720141104?type=companyNews,"BRIEF-Ford issues 5 recalls in N. America affecting more than 202,000 vehicles"
289,http://www.reuters.com//article/us-ford-results-idUSKCN0V61GI?type=companyNews,"Ford Motor earnings beat forecast, stock off after margin warning"
290,http://www.reuters.com//article/autos-sale-canada-idUSL2N0NN1PO20140501?type=companyNews,"Canada auto sales rise; Chrysler, Ford tussle at top"
291,http://www.reuters.com//article/autos-canada-idUSL1N0UK19020150105?type=companyNews,"UPDATE 3-Automakers report Canadian sales gains, break 2013 record"
292,http://www.reuters.com//article/ford-motor-dividends-idUSL2N14W2HA20160112?type=companyNews,"Ford declares new $1 billion dividend, expects to earn at least $10 billion in 2016"
293,http://www.reuters.com//article/usa-stocks-idUSL1N1AE1TR?type=companyNews,S STOCKS-Wall St mixed as tech titans tee up quarterly reports
294,http://www.reuters.com//article/usa-autos-idUSL1N18T0GI?type=companyNews,May U.S. auto sales seen down on 2 fewer selling days than year ago
295,http://www.reuters.com//article/europe-carsales-idUSF9N0E502L20140116?type=companyNews,"Renault, VW lead European car sales rally as recovery spreads"
296,http://www.reuters.com//article/autos-ussales-idUSL1N0M01N520140303?type=companyNews,"UPDATE 6-U.S. auto sales flat, incentives could hit profit"
297,http://www.reuters.com//article/markets-global-idUSL1N0XP15D20150428?type=companyNews,"REFILE-GLOBAL MARKETS-Earnings weigh on shares, oil rises on Iran ship seizure"
298,http://www.reuters.com//article/autos-sharing-future-idUSL2N1610V7?type=companyNews,Car sharing won't be as disruptive as self-driving cars -study
299,http://www.reuters.com//article/us-autos-unions-uaw-idUSKCN0XG2G7?type=companyNews,Temp workers at small Ohio auto supplier plant join UAW: union
300,http://www.reuters.com//article/ford-motor-dividends-idUSL2N14W2MI20160113?type=companyNews,"2-Ford sets a special $1 bln dividend, but profit outlook disappoints"
301,http://www.reuters.com//article/autos-ussales-august-idUSL1N0R40O920140903?type=companyNews,"CORRECTED-UPDATE 2-U.S. auto sales strong, led by Ford, Chrysler, Nissan"
302,http://www.reuters.com//article/ford-motor-india-recall-idUSL3N17P3PN?type=companyNews,"Ford Motor to recall 42,300 cars in India to fix airbag deployment-related issue"
303,http://www.reuters.com//article/ford-motor-mexico-idUSL2N0XE12F20150417?type=companyNews,"Ford to spend $2.5 bln on new Mexico engine, transmission operations"
304,http://www.reuters.com//article/usa-stocks-idUSL1N18T1WL?type=companyNews,S STOCKS-Wall St notches minor gains as economic data pours in
305,http://www.reuters.com//article/russia-sollers-results-idUSL5N0QZ2B620140829?type=companyNews,UPDATE 1-Russian car maker Sollers first-half earnings slump
306,http://www.reuters.com//article/autos-regulations-safety-idUSL2N16O0XB?type=companyNews,Major automakers to announce pact to install auto-braking systems by 2022
307,http://www.reuters.com//article/usa-economy-idUSL1N1AJ0H8?type=companyNews,WRAPUP 3-U.S. consumer spending exits second quarter with strong momentum
308,http://www.reuters.com//article/us-autos-ford-hybrid-exclusive-idUSKBN0GK28K20140820?type=companyNews,Exclusive: Ford plans new hybrid series to compete with Toyota Prius - sources
309,http://www.reuters.com//article/ford-motor-mexico-trump-idUSL2N1781KU?type=companyNews,"rump calls Ford building plant in Mexico ""an absolute disgrace"""
310,http://www.reuters.com//article/autos-canada-idUSL1N0VD23V20150203?type=companyNews,2-Automakers report January sales gains in Canada
311,http://www.reuters.com//article/usa-obama-investment-idUSL1N0O522H20140520?type=companyNews,Obama to discuss U.S. investment with corporate executives
312,http://www.reuters.com//article/ford-motor-edge-idUSL2N0P51JG20140624?type=companyNews,Ford unveils new-generation Edge as a global crossover vehicle
313,http://www.reuters.com//article/fordmotor-brief-idUSWEN00BZW20140107?type=companyNews,BRIEF-Ford Motor up 1.5 percent in extended trade after report that CEO Mulally will stay at automaker
314,http://www.reuters.com//article/ford-motor-results-idUSL2N0SJ0JG20141024?type=companyNews,Ford profit beats Street; sales down on F-150 launch
315,http://www.reuters.com//article/products-ford-ruling-idUSL1N1172S920150901?type=companyNews,Judge trims class action over Ford touch-screen systems
316,http://www.reuters.com//article/markets-stocks-usa-idUSL2N0S50L120141010?type=companyNews,"US STOCKS-Ford, Tesla fall in premarket; Lakeland jumps again"
317,http://www.reuters.com//article/ford-mexico-investment-idUSL2N1780S5?type=companyNews,Ford announces new investment in Mexico amid election-year controversy
318,http://www.reuters.com//article/jiangling-motors-brief-idUSL4N0ML2V820140324?type=companyNews,BRIEF-China's Jiangling Motors signs licensing and testing deals with Ford Motor
319,http://www.reuters.com//article/fordmotor-results-idUSWEN00EAK20141103?type=companyNews,BRIEF-Ford sees U.S. industry Oct. annual sales rate in the high 16 mln range including medium and heavy trucks
320,http://www.reuters.com//article/blackberry-bbm-idUSL3N0LT3Z820140224?type=companyNews,UPDATE 1-BlackBerry to offer BBM to Windows Phone and Nokia X platforms
321,http://www.reuters.com//article/ford-outlook-ceo-idUSL6N0VE23420150204?type=companyNews,Ford CEO worries cars may get commoditised like mobile handsets
322,http://www.reuters.com//article/idUSB9N17800X?type=companyNews,BRIEF-Ford says March China vehicle sales +5 percent y/y
323,http://www.reuters.com//article/autoshow-detroit-fields-idUSL2N14U0EM20160111?type=companyNews,Ford to launch new customer relations and service model
324,http://www.reuters.com//article/idUSB8N10U032?type=companyNews,BRIEF-Ford CEO's compensation jumped 17 pct to $17.4 mln in 2015
325,http://www.reuters.com//article/us-ford-autonomous-idUSKCN10R1G1?type=companyNews,Ford plans self-driving car for ride share fleets in 2021
326,http://www.reuters.com//article/markets-usa-stocks-idUSL1N0OK1QE20140603?type=companyNews,S STOCKS-Wall St trims earlier losses; S&P flat near record
327,http://www.reuters.com//article/autos-uaw-idUSL1N1270Y520151007?type=companyNews,"2-Fiat Chrysler, U.S. union UAW at table as strike looms"
328,http://www.reuters.com//article/michigan-ford-crime-idUSL1N19R0UQ?type=companyNews,Edsel Ford II arrested in Michigan for domestic violence -reports
329,http://www.reuters.com//article/us-europe-carsales-idUSKBN0TY0JY20151215?type=companyNews,.S. brands tap European auto recovery as Volkswagen left behind
330,http://www.reuters.com//article/us-usa-patents-lobbying-idUSBREA3210R20140403?type=companyNews,"Apple, Pfizer, others form 'go slow' U.S. patent lobby group"
331,http://www.reuters.com//article/ford-results-idUSL1N12Q2LE20151027?type=companyNews,"Ford Motor reports 3rd-qtr higher profit, but misses estimate"
332,http://www.reuters.com//article/us-markets-stocks-idUSBREA360QI20140425?type=companyNews,Wall Street trips as Amazon tumbles; indexes slip for week
333,http://www.reuters.com//article/usa-autos-idUSL1N0ZH28620150702?type=companyNews,"CORRECTED-UPDATE 4-Strong truck, SUV demand helped Ford, GM raise prices in June"
334,http://www.reuters.com//article/iihs-crashtest-idUSL2N0RX1MM20141002?type=companyNews,Lincoln MKS sedan scores poorly in safety group's crash test
335,http://www.reuters.com//article/us-usa-autos-europe-analysis-idUSKBN0FT2QG20140724?type=companyNews,"GM, Ford hopeful of European rebound despite Ukraine, Russia"
336,http://www.reuters.com//article/markets-usa-stocks-idUSL2N0NH1F620140425?type=companyNews,S STOCKS-Wall St lower as consumer discretionary stocks drag
337,http://www.reuters.com//article/michigan-ford-crime-idUSL1N19R100?type=companyNews,2-Prosecutors decline to charge Edsel Ford II after arrest
338,http://www.reuters.com//article/us-ford-motor-safrica-idUSKBN0FF1G420140710?type=companyNews,"Ford says committed to South Africa, plays down concern over strikes"
339,http://www.reuters.com//article/usa-autos-idUSL2N0WY0QK20150401?type=companyNews,CORRECTED-UPDATE 4-U.S. auto sales demand begins to thaw in March
340,http://www.reuters.com//article/ford-motor-dividends-idUSL2N14W2HA20160113?type=companyNews,"CORRECTED-Ford declares new $1 billion dividend, expects to earn at least $10 billion in 2016"
341,http://www.reuters.com//article/autos-uaw-idUSL1N13123Y20151106?type=companyNews,"2-UAW, Ford reach tentative contract deal, ratification vote next"
342,http://www.reuters.com//article/us-usa-court-ford-motor-idUSKBN0P21GS20150622?type=companyNews,Supreme Court turns down Ford in $470 million tax dispute
343,http://www.reuters.com//article/ford-china-recall-idUSL3N0L325820140129?type=companyNews,Ford to recall Edge SUVs in China on possible fuel leak
344,http://www.reuters.com//article/ford-motor-taxes-idUSL2N0RW17J20141001?type=companyNews,Ford loses bid to recoup $450 mln interest on overpaid taxes
345,http://www.reuters.com//article/ford-china-sales-idUSS8N0OD01R20141010?type=companyNews,Ford says Sept China auto sales dipped 0.2 pct y/y
346,http://www.reuters.com//article/autoshow-shanghai-volvo-geely-idUSL4N0XL4SQ20150424?type=companyNews,Volvo to make new generation of small cars in Belgium and China - CEO
347,http://www.reuters.com//article/fordmotor-brief-idUSWEN00EHQ20150105?type=companyNews,BRIEF-Ford sees U.S. auto industry annual selling rate in Dec. at low to mid 17 mln range including medium and heavy trucks
348,http://www.reuters.com//article/markets-usa-stocks-idUSL2N0KG0RY20140106?type=companyNews,"S STOCKS-Futures gain ahead of data, Europe supports"
349,http://www.reuters.com//article/ford-motor-ceo-idUSL6N0SW4V120141106?type=companyNews,Ford declines comment on report saying Europe CEO will be moved
350,http://www.reuters.com//article/usa-stocks-idUSL1N18T1IZ?type=companyNews,S STOCKS-Wall St edges higher after global manufacturing data
351,http://www.reuters.com//article/autos-uaw-idUSL4N0ZT21U20150713?type=companyNews,"Healthcare packages likely to be revised in UAW, Detroit Three talks -WSJ"
352,http://www.reuters.com//article/ford-motor-americas-idUSL2N0RU1VA20140929?type=companyNews,Ford sees improving conditions in the Americas by 2020
353,http://www.reuters.com//article/fisker-auction-hybrid-idUSL2N0LF0OX20140210?type=companyNews,Fisker bidder taps former Ford exec to bolster management
354,http://www.reuters.com//article/japan-aluminium-idUSL4N0PL26O20140714?type=companyNews,CORRECTED-Demand from U.S. automakers could boost aluminium price -Japan industry body
355,http://www.reuters.com//article/ford-motor-recall-fire-idUSL1N0SO11R20141029?type=companyNews,"Ford recalls 204,448 Ford and Lincoln crossovers for fire hazard"
356,http://www.reuters.com//article/us-usa-economy-industrialoutput-idUSKBN0HA1C220140915?type=companyNews,Autos weigh on U.S. factory output; outlook still upbeat
357,http://www.reuters.com//article/novelis-aluminum-autos-idUSL1N1341H920151109?type=companyNews,Novelis says auto sector's move to aluminum slower than expected
358,http://www.reuters.com//article/idUSFWN12E01J20151014?type=companyNews,"BRIEF-Bilia to quit Ford distribution in Sweden and Norway, cites weak profitability"
359,http://www.reuters.com//article/idUSL4N1A72UF?type=companyNews,BRIEF-Ford nominates board director for Jiangling Motors
360,http://www.reuters.com//article/fordmotor-results-idUSWEN00EFE20141202?type=companyNews,BRIEF-Ford sees U.S. Nov. sales pace of mid-17 mln range including medium and heavy trucks
361,http://www.reuters.com//article/ford-spain-idUSL6N0VF4VR20150205?type=companyNews,Ford completes 2.3 billion euro investment in Spanish car plant
362,http://www.reuters.com//article/ford-motor-india-idUSL3N0RD3D020140912?type=companyNews,Ford to launch 4 new car models in India over 18-20 months
363,http://www.reuters.com//article/us-x-britain-ford-strike-idUSBREA0Q0TT20140127?type=companyNews,K Ford workers to be balloted over strike action
364,http://www.reuters.com//article/ford-motor-ceo-idUSL3N0ND32H20140421?type=companyNews,"UPDATE 4-Ford to name Fields as CEO soon, replacing Mulally -source"
365,http://www.reuters.com//article/us-autoshow-ford-hybrids-idUSBREA0C15R20140113?type=companyNews,Ford to double hybrid offerings by 2020: development chief
366,http://www.reuters.com//article/us-ford-motor-uaw-idUSKBN0MS5AG20150401?type=companyNews,Ford executive indicates desire for level playing field on labor costs
367,http://www.reuters.com//article/autoshow-ford-f-idUSKBN0KN01520150114?type=companyNews,"Ford F-150 pickup launch on schedule, trucks selling in five days"
368,http://www.reuters.com//article/tesla-warranty-idUSL2N17T24G?type=companyNews,High warranty costs reflect Tesla's struggle with quality
369,http://www.reuters.com//article/ford-motor-china-sales-idUSL3N14S2J020160108?type=companyNews,"Ford, Honda China sales tell diverging tales of slowing market"
370,http://www.reuters.com//article/markets-usa-stocks-idUSL2N0PZ29Z20140724?type=companyNews,S STOCKS-Wall St flat as Caterpillar offsets Facebook
371,http://www.reuters.com//article/ford-motor-ohio-trucks-idUSL1N10M2V620150812?type=companyNews,CORRECTED-Ford moves commercial truck production to Ohio from Mexico
372,http://www.reuters.com//article/us-india-autos-idUSKCN0QV1JA20150826?type=companyNews,Global carmakers re-engineer India strategy to grow sales
373,http://www.reuters.com//article/australia-manufacturing-geelong-idUSL3N0M01DC20140306?type=companyNews,"Small city could be Australia's Silicon Valley, or its Detroit"
374,http://www.reuters.com//article/google-mulally-idUSL2N0PQ2A720140715?type=companyNews,x-Ford chief Mulally joins Google's board
375,http://www.reuters.com//article/us-fordeurope-carsales-idUSBREA2D10M20140314?type=companyNews,"Ford Europe sales up 11.6 percent in February on compact, SUV demand"
376,http://www.reuters.com//article/idUSFWN18Z0M4?type=companyNews,BRIEF-Ford motor says year-to-date sales in China up five pct
377,http://www.reuters.com//article/autos-uaw-idUSL1N11Y16420150928?type=companyNews,Fiat Chrysler U.S. union workers deal more blows to tentative pact
378,http://www.reuters.com//article/safrica-ford-employment-idUSL6N0TM2GN20141202?type=companyNews,"Ford cancels SKF components contract, hits S.African jobs"
379,http://www.reuters.com//article/us-autos-gm-trucks-idUSBREA2503M20140306?type=companyNews,xclusive: GM ratchets up truck discounts as U.S. sales skid
380,http://www.reuters.com//article/canada-southkorea-trade-autos-idUSL2N0M71N820140311?type=companyNews,South Korea trade deal draws fire from Canadian auto sector
381,http://www.reuters.com//article/ford-motor-taxes-idUSL2N0RW19420141001?type=companyNews,2-Ford loses bid to recoup $450 mln interest on overpaid taxes
382,http://www.reuters.com//article/ford-motor-trucks-idUSL1N1001UB20150721?type=companyNews,Ford bets U.S. consumers will snap up high-end pickup trucks
383,http://www.reuters.com//article/idUSL2N0PC0UN20140701?type=companyNews,Ford says June U.S. auto industry sales unchanged from year ago
384,http://www.reuters.com//article/usa-autos-fordforecast-idUSL2N0WY17X20150401?type=companyNews,Ford says U.S. auto industry sales up 5 percent in first quarter
385,http://www.reuters.com//article/brazil-autos-idUSL1N0UR1FL20150112?type=companyNews,UPDATE 1-Brazil auto workers march on highway to protest layoffs
386,http://www.reuters.com//article/us-toyota-tech-idUSKBN0OJ09420150603?type=companyNews,Toyota to explore Ford's SDL in-car smartphone app interface
387,http://www.reuters.com//article/us-autos-ford-focus-idUSKBN0GL1J820140821?type=companyNews,"Ford tells dealers to stop selling some C-Max, Focus models"
388,http://www.reuters.com//article/ford-china-sales-idUSS7N0MV00N20140808?type=companyNews,Ford says July China auto sales rise 25 pct y/y
389,http://www.reuters.com//article/markets-usa-stocks-idUSL2N0KG1PL20140106?type=companyNews,S STOCKS-Wall St dips for third straight day after mixed data
390,http://www.reuters.com//article/ford-ceo-idUSL2N16P17Q?type=companyNews,CORRECTED-Ford CEO's compensation jumped 17 pct to $17.4 million in 2015
391,http://www.reuters.com//article/vehicleregistrations-europe-idUSL6N0O215B20140516?type=companyNews,uropean new car registrations up 3.6 pct in April-AC
392,http://www.reuters.com//article/us-ford-motor-ohio-trucks-idUSKCN0QH0BT20150812?type=companyNews,Ford moves commercial truck production to Ohio from Mexico
393,http://www.reuters.com//article/autos-canada-idUSL2N0TM1SH20141202?type=companyNews,UPDATE 2-Chrysler Canada November sales close in on leader Ford
394,http://www.reuters.com//article/us-autoshow-ford-motor-lincoln-idUSKBN0MQ09220150330?type=companyNews,"Ford revives the Lincoln Continental, aims at U.S. and China"
395,http://www.reuters.com//article/ford-motor-recall-idUSL1N0SU15820141104?type=companyNews,"Ford calls back more than 202,000 vehicles in five N. American recalls"
396,http://www.reuters.com//article/autos-lincoln-navigator-idUSL2N0KX09N20140123?type=companyNews,Ford unveils family-oriented Navigator SUV to boost Lincoln brand
397,http://www.reuters.com//article/us-ford-motor-mexico-idUSKCN0US2MI20160114?type=companyNews,Ford plans new auto plant in Mexico's San Luis Potosi: sources
398,http://www.reuters.com//article/ford-motor-epa-fuel-economy-idUSL2N0OT1FW20140612?type=companyNews,says Ford to correct fuel economy standard for six cars
399,http://www.reuters.com//article/ford-motor-china-sales-idUSL3N0ZO2VT20150708?type=companyNews,Ford pins China hopes on new models after flat first half
400,http://www.reuters.com//article/us-ford-partners-idUSKCN0V630W?type=companyNews,Ford executives say they are open to partners on small cars
401,http://www.reuters.com//article/fordmotor-results-idUSWEN00CNQ20140303?type=companyNews,"BRIEF-Ford sees Feb industry annual sales rate of high 15 mln including medium, heavy trucks"
402,http://www.reuters.com//article/markets-stocks-usa-idUSL2N0WY2FM20150401?type=companyNews,S STOCKS-Wall St falls after data; automakers decline
403,http://www.reuters.com//article/ford-production-idUSL6N0RK1E120140919?type=companyNews,Ford to cut production at Cologne as European demand cools
404,http://www.reuters.com//article/us-safrica-strike-idUSKBN0FJ0O120140714?type=companyNews,"Ford, Toyota halt some South African output due to strike"
405,http://www.reuters.com//article/autos-fordmotor-trucks-idUSL2N0Q30SU20140728?type=companyNews,"Ford raises F-150 prices, dealers begin ordering 2015 models"
406,http://www.reuters.com//article/ford-autonomous-idUSL1N1AX0P0?type=companyNews,UPDATE 3-Ford plans self-driving car for ride share fleets in 2021
407,http://www.reuters.com//article/ford-results-idUSL1N0V80ZR20150129?type=companyNews,"Ford profit beats estimates, but European outlook worsens"
408,http://www.reuters.com//article/autos-lending-regulators-idUSL3N0TV5W620141212?type=companyNews,NYS Department of Financial Services subpoenas auto lenders
409,http://www.reuters.com//article/ford-results-idUSL2N17V0IL?type=companyNews,5-Truck sales drive record results at Ford; shares up
410,http://www.reuters.com//article/australia-ford-jobs-idUSL3N0LB52720140206?type=companyNews,"RPT-Ford to cut 300 jobs in Australia, spurs worries about earlier exit"
411,http://www.reuters.com//article/press-digest-nyt-idUSL3N13E2CG20151119?type=companyNews,RESS DIGEST- New York Times business news - Nov 19
412,http://www.reuters.com//article/idUSFWN18K0GT?type=companyNews,BRIEF-Ford Chairman says company will consider partnerships for autonomous driving
413,http://www.reuters.com//article/us-usa-seatbelts-children-idUSBREA131BO20140204?type=companyNews,Fewer U.S. children dying in car crashes: CDC
414,http://www.reuters.com//article/idUSS8N0N602D20150428?type=companyNews,BRIEF-Ford Motor Q1 earnings $0.23 per share
415,http://www.reuters.com//article/idUSFWN17V19Q?type=companyNews,BRIEF-Ford Otomotiv Q1 net profit down at 203.1 mln lira
416,http://www.reuters.com//article/hyundai-motor-results-q-idUSL3N0N826D20140424?type=companyNews,2-Hyundai Motor launches contingency plan as stronger won knocks Q1 profit
417,http://www.reuters.com//article/vehicleregistrations-europe-august-idUSF9N0NY08120140917?type=companyNews,urope new car registrations rise 1.8 pct in August - AC
418,http://www.reuters.com//article/ford-results-idUSL2N15B34D?type=companyNews,Ford Motor quarterly profit beats Street expectations
419,http://www.reuters.com//article/autos-ford-recall-idUSL2N0QL21B20140815?type=companyNews,"Ford recalls 160,000 Focus, Escape models for wiring problem"
420,http://www.reuters.com//article/usa-ford-autonomous-driving-idUSL2N0KW0VG20140122?type=companyNews,"Ford teams with Stanford, MIT to research automated driving"
421,http://www.reuters.com//article/ford-motor-china-sales-idUSL3N0YR1K320150605?type=companyNews,Ford says China May retail vehicle sales up 4 pct yr/yr
422,http://www.reuters.com//article/autoshow-detroit-ford-trucks-idUSL2N0KJ0GL20140113?type=companyNews,"Ford's bet on F-150 reflects new tech, Mulally's imprint"
423,http://www.reuters.com//article/us-ford-motor-future-idUSKCN0HO1YV20140929?type=companyNews,Ford plans to trim global vehicle platforms from 15 to 9 by 2016: executive
424,http://www.reuters.com//article/fordmotor-brief-idUSWEN00BZY20140108?type=companyNews,BRIEF-Ford Motor rises 1.5 percent in premarket trading
425,http://www.reuters.com//article/ford-results-idUSL2N15C0WG?type=companyNews,"3-Ford Motor earnings beat forecast, stock off after margin warning"
426,http://www.reuters.com//article/us-china-auto-sales-idUSKBN0FE0GX20140709?type=companyNews,China vehicle sales increased 5.2 percent in June
427,http://www.reuters.com//article/us-toronto-mayor-idUSBREA0K1T120140121?type=companyNews,"Toronto mayor, caught ranting on video, admits drinking a 'little bit'"
428,http://www.reuters.com//article/us-usa-economy-markit-manufacturing-idUSKBN0IN18E20141103?type=companyNews,".S. factory activity back at three-and-a-half-year high, auto sales rise"
429,http://www.reuters.com//article/us-autos-uaw-idUSKCN0SG01T20151022?type=companyNews,.S. union voting shows support for Fiat Chrysler pact
430,http://www.reuters.com//article/autos-canada-idUSL1N0XS1DF20150501?type=companyNews,3-General Motors tops Canada auto sales in April
431,http://www.reuters.com//article/usa-economy-idUSL1N19N0SQ?type=companyNews,"WRAPUP 3-U.S. factory data, auto sales improve, construction spending slips"
432,http://www.reuters.com//article/safrica-strike-ford-motor-idUSL6N0PP1HV20140714?type=companyNews,Ford halts production at South African plant due to strike
433,http://www.reuters.com//article/us-romania-ford-output-idUSKBN0GS21M20140828?type=companyNews,Ford to halt Romanian production in Sept: report
434,http://www.reuters.com//article/morningcall-india-idUSL3N12S1QJ20151028?type=companyNews,India Morning Call-Global Markets
435,http://www.reuters.com//article/markets-usa-stocks-idUSL1N0OK14E20140603?type=companyNews,"S STOCKS-Dow, S&P 500 dip from record levels, but semis jump"
436,http://www.reuters.com//article/idUSFWN1AJ0QD?type=companyNews,BRIEF-Ford Otomotiv Q2 net profit jumps to 261.1 million lira
437,http://www.reuters.com//article/idUSL5N0KP1FB20140115?type=companyNews,Ford says would reassess UK operations if Britain left EU-paper
438,http://www.reuters.com//article/us-mexico-ford-idUSKCN0XT1NZ?type=companyNews,Mexico's environmental prosecutor fines Ford
439,http://www.reuters.com//article/autos-aston-china-idUSL2N0LC13S20140211?type=companyNews,INSIGHT-Aston Martin recall highlights risk of China parts supply
440,http://www.reuters.com//article/ford-investigation-russia-idUSL5N10T2B420150818?type=companyNews,.S. watchdog joins German investigation of Ford -source
441,http://www.reuters.com//article/us-ford-motor-taxes-idUSKCN0HQ4JG20141001?type=companyNews,Ford loses bid to recoup $450 million interest on overpaid taxes
442,http://www.reuters.com//article/volvo-china-idUSL4N0OY1BG20140617?type=companyNews,2-Volvo's China export plans mark new phase in Geely strategy
443,http://www.reuters.com//article/idUSFWN1B50BL?type=companyNews,BRIEF-Ford issues two safety recalls and one safety compliance recall in North America
444,http://www.reuters.com//article/ford-china-idUSL1N10N14220150812?type=companyNews,Ford remains 'bullish on China' long term -Ford executive
445,http://www.reuters.com//article/apartheid-lawsuit-idUSL1N0QY2IQ20140828?type=companyNews,"Ford, IBM win dismissal of 12-year lawsuit over apartheid abuses"
446,http://www.reuters.com//article/us-autos-selfdriving-idUSKCN0XN1F1?type=companyNews,"Google, Ford, Uber launch coalition to further self-driving cars"
447,http://www.reuters.com//article/fordmotor-brief-idUSS8N0NM00E20140724?type=companyNews,BRIEF-Ford Motor Q2 earnings per share $0.32
448,http://www.reuters.com//article/tata-motors-ltd-results-idUSL3N0OF3FR20140529?type=companyNews,ata Motors looks for India sales revival after flat fourth-quarter profits
449,http://www.reuters.com//article/us-ford-recall-idUSKBN0E91YE20140530?type=companyNews,Ford recalls nearly 1.4 million vehicles in North America
450,http://www.reuters.com//article/idUSFWN18E0J4?type=companyNews,BRIEF-Ford shareholder proposal allowing 10 pct shareholders to call special meetings rejected
451,http://www.reuters.com//article/us-newyork-autoshow-ford-motor-trump-idUSKCN0WP2EE?type=companyNews,Ford CEO defends investment strategy amid Trump criticism
452,http://www.reuters.com//article/us-usa-manufacturing-coldsnap-idUSKCN0J40DQ20141120?type=companyNews,"With iceman on the way, U.S. plants and suppliers get ready"
453,http://www.reuters.com//article/us-ford-motor-india-recall-idUSKCN0YB1A1?type=companyNews,"Ford to recall 48,700 EcoSport SUVs in India"
454,http://www.reuters.com//article/idUSB8N10U01I20160107?type=companyNews,BRIEF-Ford adopts mark-to-market for pension and OPEB plans
455,http://www.reuters.com//article/ford-autonomous-idUSKBN0P329920150624?type=companyNews,Ford joins rivals in ramping up pace of self-driving car tech
456,http://www.reuters.com//article/canada-autos-idUSL1N0YO20620150602?type=companyNews,UPDATE 2-May auto sales hit monthly sales record in Canada
457,http://www.reuters.com//article/autos-ford-southamerica-idUSL2N0L21WV20140129?type=companyNews,"Ford concerned Argentina, Venezuela may bite into 2014 profit"
458,http://www.reuters.com//article/ford-recall-idUSL1N0OF1Q720140529?type=companyNews,2-Ford recalls nearly 1.4 million vehicles in N. America
459,http://www.reuters.com//article/us-lear-results-idUSKBN0L31A920150130?type=companyNews,Car seat maker Lear's profit jumps as demand from North America rises
460,http://www.reuters.com//article/us-canada-toronto-mayor-brother-idUSKBN0H72MD20140912?type=companyNews,Toronto mayoral race puts spotlight on lesser known Ford
461,http://www.reuters.com//article/markets-usa-stocks-idUSL1N0R90HS20140908?type=companyNews,"S STOCKS-Yahoo, Ford among biggest premarket movers"
462,http://www.reuters.com//article/ford-chairman-idUSL3N18K4AK?type=companyNews,Ford seeks partnerships as it looks beyond car-making
463,http://www.reuters.com//article/autos-ford-compensation-idUSL1N0MP1HB20140328?type=companyNews,CORRECTED-Ford CEO Mulally's compensation in 2013 rose 10.7 pct
464,http://www.reuters.com//article/ford-motor-russia-sollers-idUSL5N0X721V20150410?type=companyNews,REFILE-Ford to gain control of Russia JV and provide finance
465,http://www.reuters.com//article/china-autos-sales-idUSL3N10M2K120150811?type=companyNews,utomakers feel China heat as buyers burnt by stocks rout desert showrooms
466,http://www.reuters.com//article/auto-sales-canada-idUSL2N0KD0XX20140103?type=companyNews,"Ford says tops Canada 2013 auto sales, Chrysler growing faster"
467,http://www.reuters.com//article/us-autos-ford-results-idUSBREA0R0RJ20140129?type=companyNews,Ford posts higher profit but faces pressure in U.S.
468,http://www.reuters.com//article/ford-results-cfo-idUSL1N12R2EG20151027?type=companyNews,"Ford could use cash to expand business, up dividends-CFO"
469,http://www.reuters.com//article/ford-results-idUSL2N0PZ0IO20140724?type=companyNews,2-Record N. America profit boosts Ford results; shares rise
470,http://www.reuters.com//article/fitch-affirms-ford-ford-credits-idrs-at-idUSFit69771720140422?type=companyNews,Fitch Affirms Ford & Ford Credit's IDRs at 'BBB-'; Outlook Revised to Positive
471,http://www.reuters.com//article/continental-ma-idUSL5N0YA0W420150519?type=companyNews,Continental buys Elektrobit's automotive division
472,http://www.reuters.com//article/us-ford-motor-mexico-idUSKBN0N827120150417?type=companyNews,"Ford to spend $2.5 billion on plants in Mexico, angering UAW"
473,http://www.reuters.com//article/ford-motor-china-idUSL3N12C1LL20151012?type=companyNews,Ford to invest $1.8 bln to expand R&D in China
474,http://www.reuters.com//article/us-ford-motor-recall-idUSKCN0YN4NT?type=companyNews,Ford expands recall of vehicles with defective Takata airbags
475,http://www.reuters.com//article/ford-motor-china-sales-idUSB9N0NR00420140508?type=companyNews,Ford says April China auto sales up 29 pct y/y
476,http://www.reuters.com//article/us-visteon-divestiture-idUSKBN0H522620140910?type=companyNews,Auto-parts maker Visteon explores splitting into two: Bloomberg
477,http://www.reuters.com//article/products-ford-discovery-idUSL2N0XD0IW20150416?type=companyNews,Ford can claw back disputed document in acceleration case
478,http://www.reuters.com//article/ford-europe-idUSL6N0O52PE20140523?type=companyNews,REFILE-Ford's upscale push in Europe draws sceptics
479,http://www.reuters.com//article/products-ford-ruling-idUSL1N13R3B320151202?type=companyNews,9th Circuit revives Ford Focus class action
480,http://www.reuters.com//article/ford-motor-china-sales-idUSS8N0QU01T20150108?type=companyNews,Ford says 2014 China auto sales up 19 pct y/y
481,http://www.reuters.com//article/ford-results-idUSL1N1080G720150728?type=companyNews,Ford Motor widely beats expectations on N. America profit
482,http://www.reuters.com//article/ford-motor-china-sales-idUSB9N14P03I20160108?type=companyNews,Ford says China vehicle sales up 3 pct in 2015
483,http://www.reuters.com//article/us-astonmartin-outlook-idUSKBN0JP0NO20141211?type=companyNews,xclusive: Aston Martin looks to raise funds for new models - sources
484,http://www.reuters.com//article/ford-motor-results-idUSL2N0NH0E520140425?type=companyNews,"4-Ford profit driven down by North America, warranty costs"
485,http://www.reuters.com//article/us-ford-pensions-idUSKBN0UL1HK20160107?type=companyNews,"Ford changes pension reporting, sees rise in 2015 profit"
486,http://www.reuters.com//article/us-autoshow-china-ford-idUSBREA3G0FD20140417?type=companyNews,Ford's Lincoln brand to debut in China in seven cities
487,http://www.reuters.com//article/autos-uaw-idUSL1N1270Y520151008?type=companyNews,"4-Fiat Chrysler, U.S. union UAW reach tentative agreement, averting strike"
488,http://www.reuters.com//article/apartheid-lawsuit-idUSL2N0N91J120140417?type=companyNews,"Ford, IBM to face renewed U.S. lawsuit over apartheid-era abuses"
489,http://www.reuters.com//article/india-autos-sedans-idUSL3N0L92EK20140204?type=companyNews,Global carmakers see small sedans as next hot market in India
490,http://www.reuters.com//article/idUSS8N0N601M20150327?type=companyNews,BRIEF-Ford CEO Mark Fields 2014 compensation was $18.6 million
491,http://www.reuters.com//article/ford-motor-canada-idUSL1N0VM1M620150212?type=companyNews,Ford to build new carbon fiber GT car in Ontario
492,http://www.reuters.com//article/us-ford-results-idUSKCN0XP1HH?type=companyNews,Truck sales drive record results at Ford; shares up
493,http://www.reuters.com//article/autos-sale-canada-idUSL1N0OK13J20140603?type=companyNews,Ford Canada takes top spot for May vehicle sales
494,http://www.reuters.com//article/ford-motor-recall-f-idUSL2N0P60QT20140625?type=companyNews,Ford tells owners to park 2014 F-150 trucks for steering issue
495,http://www.reuters.com//article/ford-motor-research-idUSL4N0V152M20150122?type=companyNews,Ford opens new Silicon Valley research center
496,http://www.reuters.com//article/ford-motor-epa-fuel-economy-idUSL2N0OT1HH20140612?type=companyNews,Ford lowers fuel economy rating for six vehicles
497,http://www.reuters.com//article/autos-uaw-idUSL1N1261SV20151006?type=companyNews,W threatens strike at Fiat Chrysler U.S. operations
498,http://www.reuters.com//article/us-aluminum-autos-alcoa-analysis-idUSKBN0EU19P20140619?type=companyNews,lcoa and Novelis steel for next test in aluminum auto race
499,http://www.reuters.com//article/ford-motor-2015edge-production-idUSL4N0VZ44Y20150226?type=companyNews,Ford starts export production of 2015 Edge at Canada plant
500,http://www.reuters.com//article/usa-economy-idUSL1N0R410020140903?type=companyNews,"WRAPUP 3-Strong factory orders, auto sales brighten U.S. economic picture"
501,http://www.reuters.com//article/autos-ford-focus-idUSL2N0QR11F20140821?type=companyNews,"Ford tells U.S. dealers to stop selling some C-Max, Focus models"
502,http://www.reuters.com//article/autos-ford-ceo-idUSL2N0KH2B320140108?type=companyNews,"3-Microsoft close to naming CEO, Ford's Mulally stays put"
503,http://www.reuters.com//article/usa-autos-idUSL1N12Y19W20151103?type=companyNews,6-U.S. auto industry headed for record sales in 2015 -GM
504,http://www.reuters.com//article/diary-us-meetings-week-idUSL3N0Y46IE20150513?type=companyNews,IARY-U.S. MEETINGS/WEEK AH
505,http://www.reuters.com//article/usa-results-venezuela-idUSL1N1AC1XO?type=companyNews,Venezuela roils corporate profits around the globe
506,http://www.reuters.com//article/us-fiatchrysler-m-a-idUSKCN0XC1PO?type=companyNews,"Fiat Chrysler CEO sees only Toyota, VW, Ford as merger candidates"
507,http://www.reuters.com//article/idUSFWN1AL0T5?type=companyNews,BRIEF-Ford Motor says cost of safety recall announced Thursday estimated to be about $270 mln
508,http://www.reuters.com//article/britain-deathbonds-action-idUSL5N0YH2N320150526?type=companyNews,"BRIEF-Ex Keydata CEO Ford says to file claim against FCA, PWC"
509,http://www.reuters.com//article/autos-uaw-idUSL1N13D0VB20151119?type=companyNews,4-Ford-UAW pact seems headed for defeat as voting nears end
510,http://www.reuters.com//article/us-usa-economy-markit-manufacturing-idUSKBN0JU1RE20141216?type=companyNews,U.S. factory activity growth at 11-month low in December: Markit
511,http://www.reuters.com//article/us-michigan-ford-crime-idUSKCN0ZL1XJ?type=companyNews,rosecutors decline to charge Edsel Ford II after arrest
512,http://www.reuters.com//article/us-romania-ford-output-idUSBREA140DJ20140205?type=companyNews,Ford to halt Romanian B-Max production again in February: report
513,http://www.reuters.com//article/autonation-results-idUSL2N0L40ML20140130?type=companyNews,CORRECTED-UPDATE 1-AutoNation handily beats Street Q4 earnings expectations
514,http://www.reuters.com//article/autos-chinaev-faraday-idUSL1N19D28J?type=companyNews,esla rival Faraday approved to test self-driving cars on California roads
515,http://www.reuters.com//article/us-alphabet-autos-autonomous-idUSKBN0U600U20151223?type=companyNews,"Google, Ford in talks on self-driving car partnership: source"
516,http://www.reuters.com//article/ford-jobs-idUSL1N0VD35N20150204?type=companyNews,"Ford adding 1,550 jobs for F-150 production, promotes UAW workers"
517,http://www.reuters.com//article/ford-motor-uaw-idUSL2N0WY1V620150401?type=companyNews,Ford exec indicates desire for level playing field on labor costs
518,http://www.reuters.com//article/takata-recall-mustang-idUSL2N0T702Y20141117?type=companyNews,Ford: Mustang driver injured by air bag fragment in N. Carolina crash
519,http://www.reuters.com//article/venezuela-autos-idUSL1N0XZ1FO20150508?type=companyNews,Ford Venezuela unit to sell cars in dollars only - sources
520,http://www.reuters.com//article/autos-uaw-idUSL1N11L13R20150916?type=companyNews,"3-UAW, Fiat Chrysler reach tentative U.S. labor pact"
521,http://www.reuters.com//article/volkswagen-brazil-idUSL2N0WW1VV20150330?type=companyNews,VW halts production for three weeks at Brazil plant - union
522,http://www.reuters.com//article/us-ford-motor-f-idUSKCN0IV0B720141111?type=companyNews,Aluminum-intensive Ford F-150 truck on sale in December
523,http://www.reuters.com//article/us-usa-economy-construction-idUSKCN0ZH53Q?type=companyNews,".S. factory data, auto sales improve, construction spending slips"
524,http://www.reuters.com//article/idUSFWN17H0M9?type=companyNews,"BRIEF-Ford Motor says sold 401,200 vehicles in its total 50 European markets in Q1"
525,http://www.reuters.com//article/ford-motor-recall-idUSL3N0MZ3IS20140407?type=companyNews,"Ford to recall about 434,000 vehicles"
526,http://www.reuters.com//article/nigeria-ford-motor-idUSL5N10M2TO20150811?type=companyNews,Ford to start Nigeria truck assembly in the fourth quarter
527,http://www.reuters.com//article/autos-detroit-slowdown-idUSL1N0XS2AY20150508?type=companyNews,RPT-Detroit automakers face speed bumps as sales growth slows
528,http://www.reuters.com//article/daimler-europe-idUSL1N0VZ1XD20150225?type=companyNews,aimler seeks material cost efficiencies to offset environmental expenses
529,http://www.reuters.com//article/us-ford-motor-investment-canada-idUSKCN0ID1U420141024?type=companyNews,Ford rejects push for investment in Ontario plants: union
530,http://www.reuters.com//article/volvo-cars-sales-idUSL8N14R1BT20160108?type=companyNews,Geely-owned Volvo car sales top half a million in record 2015
531,http://www.reuters.com//article/turkey-autos-strike-idUSL5N0YD11820150522?type=companyNews,UPDATE 1-Production resumes at Turkish units of Ford and Fiat
